mode,instances,cpu_submit_mean_ms,cpu_submit_median_ms,cpu_submit_p95_ms,gpu_total_mean_ms,gpu_total_median_ms,gpu_total_p95_ms,gpu_total_stddev_ms,gpu_transparency_mean_ms,gpu_transparency_median_ms,gpu_transparency_p95_ms,gpu_resolve_mean_ms,gpu_resolve_median_ms,gpu_resolve_p95_ms,cpu_sort_mean_ms,total_draw_calls,transparency_draw_calls
unsorted-alpha,64,0.000727,0.000400,0.002000,0.020555,0.020480,0.020608,0.000886,0.011557,0.011520,0.011584,0.000000,0.000000,0.000000,0.000000,2,1
z-sorted-alpha,64,0.000698,0.000500,0.001900,0.020472,0.020480,0.020576,0.000054,0.011516,0.011520,0.011584,0.000000,0.000000,0.000000,0.000543,2,1
wboit,64,0.001243,0.000500,0.002500,0.045458,0.045408,0.045760,0.000721,0.036292,0.036224,0.036576,0.009143,0.009120,0.009248,0.000000,2,2
unsorted-alpha,256,0.000744,0.000500,0.002000,0.033440,0.033440,0.033664,0.000143,0.024482,0.024480,0.024704,0.000000,0.000000,0.000000,0.000000,2,1
z-sorted-alpha,256,0.000798,0.000400,0.002000,0.033542,0.033536,0.033760,0.000126,0.024563,0.024544,0.024768,0.000000,0.000000,0.000000,0.002140,2,1
wboit,256,0.002934,0.002600,0.007100,0.083184,0.082464,0.084736,0.003161,0.074027,0.073280,0.075552,0.009130,0.009120,0.009216,0.000000,2,2
unsorted-alpha,1024,0.002338,0.002200,0.004400,0.089022,0.089056,0.089664,0.000411,0.080042,0.080064,0.080672,0.000000,0.000000,0.000000,0.000000,2,1
z-sorted-alpha,1024,0.000976,0.000400,0.002800,0.088885,0.088992,0.089600,0.000525,0.079902,0.080000,0.080608,0.000000,0.000000,0.000000,0.013785,2,1
wboit,1024,0.003495,0.003300,0.007100,0.256974,0.255232,0.275904,0.008562,0.247979,0.246272,0.266944,0.008945,0.008960,0.008992,0.000000,2,2
